{"inputUnits":[63],"outputUnits":5,"inputs":{"0":{"dtype":"number","min":91.2612470584856,"max":624.0941032600012},"1":{"dtype":"number","min":135.26475233966363,"max":462.8702031744879},"2":{"dtype":"number","min":-0.009303323924541473,"max":0.0006613060832023621},"3":{"dtype":"number","min":61.96795965996847,"max":614.2269470196059},"4":{"dtype":"number","min":104.78655981859356,"max":468.8716297119358},"5":{"dtype":"number","min":-46.52663803100586,"max":17.250261306762695},"6":{"dtype":"number","min":46.48153738289336,"max":607.2416106215917},"7":{"dtype":"number","min":74.74870806573769,"max":463.1537328740628},"8":{"dtype":"number","min":-82.31355285644531,"max":21.06235694885254},"9":{"dtype":"number","min":44.158149564773055,"max":590.4632167120963},"10":{"dtype":"number","min":58.84067539186279,"max":459.0070877242075},"11":{"dtype":"number","min":-107.17121887207031,"max":20.78052520751953},"12":{"dtype":"number","min":48.79539917239093,"max":575.7545795734279},"13":{"dtype":"number","min":54.59994179953593,"max":463.5217031679584},"14":{"dtype":"number","min":-124.72300720214844,"max":20.90021514892578},"15":{"dtype":"number","min":26.708742466234114,"max":612.0854663280957},"16":{"dtype":"number","min":47.565249388470505,"max":413.4418895379074},"17":{"dtype":"number","min":-85.08792114257812,"max":19.64666175842285},"18":{"dtype":"number","min":15.964130854443525,"max":619.5307702642281},"19":{"dtype":"number","min":13.494305544349874,"max":406.6953126764691},"20":{"dtype":"number","min":-126.49264526367188,"max":21.225614547729492},"21":{"dtype":"number","min":23.98928505375126,"max":626.1639606503437},"22":{"dtype":"number","min":-15.453367392406676,"max":431.4702007876523},"23":{"dtype":"number","min":-133.72940063476562,"max":19.88534164428711},"24":{"dtype":"number","min":32.48978805323194,"max":630.6162114123557},"25":{"dtype":"number","min":-38.11449847892506,"max":424.1262859209243},"26":{"dtype":"number","min":-141.88539123535156,"max":17.61739158630371},"27":{"dtype":"number","min":46.05574947190383,"max":607.4819337078884},"28":{"dtype":"number","min":47.80889154779035,"max":402.3693043453435},"29":{"dtype":"number","min":-85.86328125,"max":18.000640869140625},"30":{"dtype":"number","min":43.812745969889164,"max":615.3100481279788},"31":{"dtype":"number","min":8.980932916870685,"max":404.50518057370215},"32":{"dtype":"number","min":-123.9837875366211,"max":14.771368980407715},"33":{"dtype":"number","min":41.28789570284853,"max":625.7659827328825},"34":{"dtype":"number","min":-19.69231609678726,"max":416.93758256560784},"35":{"dtype":"number","min":-131.4498748779297,"max":15.248370170593262},"36":{"dtype":"number","min":31.473393588039436,"max":636.008741171192},"37":{"dtype":"number","min":-44.7658211100249,"max":414.9145580741838},"38":{"dtype":"number","min":-139.85377502441406,"max":16.497800827026367},"39":{"dtype":"number","min":52.1222544866404,"max":620.0726443772105},"40":{"dtype":"number","min":55.168769536740406,"max":400.29931606815006},"41":{"dtype":"number","min":-84.69658660888672,"max":14.54574966430664},"42":{"dtype":"number","min":36.32269643698557,"max":626.3164787462208},"43":{"dtype":"number","min":25.59518370569425,"max":430.02460181809056},"44":{"dtype":"number","min":-114.46519470214844,"max":11.76552963256836},"45":{"dtype":"number","min":22.425274104671225,"max":619.7295708206755},"46":{"dtype":"number","min":-3.380667155205863,"max":436.11610287292075},"47":{"dtype":"number","min":-122.53701782226562,"max":12.007076263427734},"48":{"dtype":"number","min":11.477947073509668,"max":619.4682964545864},"49":{"dtype":"number","min":-25.961792782606246,"max":426.38805978519287},"50":{"dtype":"number","min":-132.5252227783203,"max":12.373882293701172},"51":{"dtype":"number","min":38.46471625159273,"max":635.8685312265445},"52":{"dtype":"number","min":69.37922638467487,"max":419.1799026631447},"53":{"dtype":"number","min":-83.65619659423828,"max":10.763071060180664},"54":{"dtype":"number","min":24.42263067846917,"max":641.0123001055545},"55":{"dtype":"number","min":53.455439584672845,"max":443.897319068436},"56":{"dtype":"number","min":-107.8470230102539,"max":9.225497245788574},"57":{"dtype":"number","min":11.538300078867081,"max":630.1223779609945},"58":{"dtype":"number","min":32.09750855574578,"max":453.3527405215426},"59":{"dtype":"number","min":-119.10418701171875,"max":9.355670928955078},"60":{"dtype":"number","min":-0.9820845540835421,"max":640.5157421796077},"61":{"dtype":"number","min":12.465372965938975,"max":448.34784872241136},"62":{"dtype":"number","min":-131.36679077148438,"max":9.78249454498291}},"outputs":{"0":{"dtype":"string","min":0,"max":1,"uniqueValues":["1","2","3","4","5"],"legend":{"1":[1,0,0,0,0],"2":[0,1,0,0,0],"3":[0,0,1,0,0],"4":[0,0,0,1,0],"5":[0,0,0,0,1]}}},"isNormalized":true}